Consent,Pre_Perc_1,Pre_Cert,C1,Post_Perc_1,Post_Cert,Check,Check_4_TEXT,See,Pet_Agree,Pet_Conv,Pie_Agree,Pie_Conv,Age,Gender,Party,Educ,Occ,Live,ConditionOne,ConditionTwo,ConditionThree,ConditionFour,ConditionFive
1,97,7,8,97,7,4,I am paying attention.,5, , , , ,3,1,1,2,2,1,1, , , , 
1,78,2, ,73,2,4,I am paying attention,2,5,4, , ,2,2,1,1,2,1, , ,1, , 
1,80,5, ,97,7,4,I am paying attention.,1, , ,7,7,2,1,2,1,2,1, ,1, , , 
1,95,6, ,97,7,4,I am paying attention.,1, , ,7,7,3,2,1,2,2,1, ,1, , , 
1,94,6,8,94,6,4,I am paying attention,5, , , , ,2,1,2,2,2,1,1, , , , 
1,97,7,8,97,7,4,I am paying attention.,5, , , , ,2,2,1,2,2,1,1, , , , 
1,30,4, ,30,4,4,I am paying attention.,2,2,2, , ,2,1,4,1,2,1, , ,1, , 
1,99,7, ,97,7,4,I am paying attention.,4,7,7,7,7,2,2,1,2,2,1, , , ,1, 
1,90,7, ,97,7,4,I am paying attention.,1, , ,7,7,3,2,1,2,2,1, ,1, , , 
1,95,6, ,97,7,4,I am paying attention,5, , , , ,2,2,1,2,2,1, , , , ,1
1,90,7, ,93,5,4,I am paying attention,4,2,4,7,6,2,1,1,3,2,1, , , ,1, 
1,73,4, ,97,6,4,I am paying attention,4,6,6,6,6,2,2,3,2,2,1, , , , ,1
1,99,7, ,99,6,4,I am paying attention.,1, , ,7,7,2,2,1,4,2,1, ,1, , , 
1,97,5, ,97,5,4,I am paying attention.,4,4,1,6,6,2,1,3,4,2,1, , , , ,1
1,98,7, ,97,7,4,I am paying attention.,2,7,6, , ,2,1,1,2,2,1, , , , ,1
1,85,5, ,84,5,4,I am paying attention.,1, , ,7,7,2,2,1,2,2,1, ,1, , , 
1,71,3,8,72,3,4,I am paying attention,5, , , , ,2,2,3,2,2,1,1, , , , 
1,40,2,8,40,2,4,I am paying attention.,5, , , , ,1,1,2,2,2,1,1, , , , 
1,98,6, ,97,7,4,I am paying attention.,4,1,1,7,6,2,1,1,2,2,1, , , ,1, 
1,97,7, ,97,7,4,I am paying attention.,4,7,7,7,7,2,1,1,2,2,1, , , ,1, 
1,72,3, ,75,3,4,I am paying attention.,2,7,4, , ,2,1,3,1,2,1, , ,1, , 
1,25,5, ,76,5,4,I am paying attention.,4,5,5,5,6,1,2,2,1,2,1, , , ,1, 
1,95,7, ,97,7,4,I am paying attention.,4,4,5,7,7,2,1,1,2,2,1, , , , ,1
1,96,5,8,90,6,4,I am paying attention.,5, , , , ,2,1,1,2,2,1,1, , , , 
1,100,7, ,100,7,4,I am paying attention,2,7,6, , ,4,2,3,2,2,1, , ,1, , 
1,71,6, ,90,5,4,I am paying attention.,1, , ,5,5,2,1,3,1,2,1, ,1, , , 
1,94,7, ,95,7,4,I am paying attention,4,7,7, ,7,2,1,1,1,2,1, , , ,1, 
1,90,6,8,90,6,4,I am paying attention.,5, , , , ,2,2,3,2,2,1,1, , , , 
1,72,1, ,85,1,4,I am paying attention,2,4,5, , ,2,2,1,2,2,1, , ,1, , 
1,34,5, ,97,5,4,I am paying attention.,1, , ,5,6,2,1,2,1,2,1, , , , ,1
1,50,6, ,97,4,4,I am paying attention.,1, , ,1,4,2,1,1,2,2,1, ,1, , , 
1,62,5, ,63,5,4,I am paying attention,2,5,5, , ,2,2,3,2,2,1, , ,1, , 
1,87,3, ,87,3,4,I am paying attention,2,3,2, , ,2,2,3,3,2,1, , ,1, , 
1,51,5, ,97,5,4,I am paying attention,1, , ,1,3,2,2,2,1,2,1, ,1, , , 
1,80,5, ,97,7,4,I am paying attention.,4,2,2,5,5,2,1,3,2,2,1, , , ,1, 
1,97,7, ,97,7,4,I am paying attention,2,5,5, , ,1,1,1,2,2,1, , , ,1, 
1,98,7,8,96,7,4,I am paying attention.,5, , , , ,2,1,1,2,2,1,1, , , , 
1,73,2, ,87,5,4,I am paying attention.,4,6,6,5,5,2,2,3,3,2,1, , , ,1, 
1,98,7, ,97,7,4,I am paying attention.,4,7,6,7,7,3,1,1,3,2,1, , , ,1, 
1,97,7, ,97,7,4,I am paying attention,4,6,6,7,7,2,1,2,2,2,1, , , ,1, 
1,93,7, ,97,7,4,I am paying attention,1, , ,7,7,3,1,2,1,2,1, ,1, , , 
1,96,6, ,97,6,4,I am paying attention.,1, , ,7,4,3,1,1,4,2,1, ,1, , , 
1,99,6,8,99,5,4,I am paying attention.,5, , , , ,2,1,2,1,2,1,1, , , , 
1,80,3, ,97,7,4,I am paying attention,1, , ,6,4,2,1,1,1,2,1, ,1, , , 
1,40,1, ,28,1,4,I am paying attention,2,3,3, , ,3,2,2,1,2,1, , ,1, , 
1,100,7,8,100,7,4,I am paying attention.,5, , , , ,2,2,3,2,2,1,1, , , , 
1,50,5, ,50,5,4,I am paying attention.,2,6,5, , ,2,1,1,3,2,1, , ,1, , 
1,55,4, ,52,3,4,I am paying attention.,3, , , , ,2,1,1,2,2,1, ,1, , , 
1,91,6, ,97,7,4,I am paying attention.,2,4,4, , ,2,2,2,2,2,1, , , , ,1
1,72,5, ,97,7,4,I am paying attention.,4,4,7,4,7,2,1,2,2,2,1, , , , ,1
1,91,6, ,97,7,4,I am paying attention.,1, , ,6,5,2,2,2,2,2,1, ,1, , , 
1,94,6, ,97,7,4,I am paying attention.,4,1,1,7,7,3,1,3,2,2,1, , , , ,1
1,81,3, ,83,3,4,I am paying attention.,2,5,5, , ,3,2,2,1,2,1, , ,1, , 
1,70,1, ,90,1,4,I am paying attention.,1, , ,1,2,2,2,3,1,2,1, ,1, , , 
1,62,5, ,65,5,4,I am paying attention.,4,6,6,6,5,2,2,2,2,2,1, , , ,1, 
1,41,2, ,94,6,4,I am paying attention,1, , ,4,3,2,2,2,2,2,1, ,1, , , 
1,92,4,8,92,4,4,I am paying attention.,5, , , , ,2,2,3,2,2,1,1, , , , 
1,65,1,8,65,1,4,I am paying attention,5, , , , ,4,1,2,3,2,1,1, , , , 
1,90,7,8,94,6,4,I am paying attention,5, , , , ,2,2,3,2,2,1,1, , , , 
1,96,6, ,94,7,4,I am paying attention.,2,1,3, , ,3,1,1,2,2,1, , , ,1, 
1,98,5, ,97,6,4,I am paying attention,4,4,2,7,6,2,1,3,1,2,1, , , , ,1
1,95,6, ,70,4,4,I am paying attention.,2,6,4, , ,2,1,3,1,2,1, , ,1, , 
1,97,5, ,97,7,4,I am paying attention.,1, , ,7,7,1,1,3,1,2,1, ,1, , , 
1,98,3, ,80,1,4,I am paying attention.,2,7,7, , ,2,2,1,1,2,1, , ,1, , 
1,98,6, ,97,7,4,I am paying attention,2,2,3, , ,3,1,1,2,2,1, , , , ,1
1,85,5, ,95,6,4,I am paying attention.,1, , ,4,5,1,1,3,2,2,1, ,1, , , 
1,95,6, ,97,7,4,I am paying attention.,4,1,1,7,7,2,1,2,3,2,1, , , ,1, 
1,60,3, ,39,3,4,I am paying attention.,2,4,3, , ,2,2,2,2,2,1, , ,1, , 
1,65,2, ,97,6,4,I am paying attention.,4,2,3,6,5,2,2,1,1,2,1, , , , ,1
1,95,6,8,95,6,4,I am paying attention.,5, , , , ,2,1,1,1,2,1,1, , , , 
1,95,6, ,97,7,4,I am paying attention.,4,2,1,6,6,3,1,3,2,2,1, , , , ,1
1,70,5, ,97,7,4,I am paying attention,1, , ,6,7,2,2,1,1,2,1, ,1, , , 
1,40,6, ,95,4,4,I am paying attention,4,1,1,1,1,2,2,3,2,2,1, , , , ,1
1,60,3, ,30,3,4,I am paying attention,2,6,7, , ,4,2,2,1,1,1, , ,1, , 
1,83,6,8,90,7,4,I am paying attention,5, , , , ,2,1,1,1,2,1,1, , , , 
1,70,5, ,35,5,4,I am paying attention.,2,2,2, , ,1,1,3,1,2,1, , ,1, , 
1,61,3,8,40,3,4,"""I am paying attention""",5, , , , ,4,2,1,1,2,1,1, , , , 
1,71,5, ,95,6,4,I am paying attention,1, , ,7,7,2,2,3,2,2,1, ,1, , , 
1,97,7, ,97,7,4,I am paying attention.,4,1,1,7,7,4,1,1,4,2,1, , , ,1, 
1,50,1, ,30,1,4,I am paying attention.,2,4,1, , ,2,2,2,1,2,1, , ,1, , 
1,95,3, ,96,3,4,I am paying attention.,2,1,2, , ,2,1,1,2,2,1, , ,1, , 
1,80,6, ,97,5,4,I am paying attention.,1, , ,6,5,2,1,3,1,2,1, ,1, , , 
1,93,6, ,60,3,4,I am paying attention.,2,1,3, , ,2,2,1,2,2,1, , ,1, , 
1,100,7, ,97,7,4,I am paying attention.,1, , ,4,6,2,1,3,2,2,1, ,1, , , 
1,95,6, ,97,7,4,I am paying attention.,4,6,7,6,7,2,1,2,1,2,1, , , ,1, 
1,99,7, ,97,7,4,I am paying attention,4,1,1,7,7,2,1,1,1,2,1, , , ,1, 
1,96,5, ,90,4,4,I am paying attention.,4,2,2,7,6,2,1,1,2,2,1, , , ,1, 
1,99,5, ,97,7,4,I am paying attention.,4,1,1,6,7,2,1,1,1,2,1, , , , ,1
1,85,6, ,96,6,4,I am paying attention,2,6,6, , ,2,1,1,2,2,1, , ,1, , 
1,97,6,8,97,6,4,I am paying attention.,5, , , , ,2,2,1,2,2,1,1, , , , 
1,98,6,8,98,6,4,I am paying attention.,5, , , , ,2,1,1,2,2,1,1, , , , 
1,40,5, ,97,6,4,I am paying attention,4,2,2,1,1,3,2,3,3,2,1, , , ,1, 
1,40,5, ,97,7,4,I am paying attention,4,4,6,4,5,2,1,3,1,2,1, , , ,1, 
1,75,7, ,97,7,4,I am paying attention.,4,7,7,7,7,2,1,2,2,2,1, , , , ,1
1,85,2, ,97,4,4,I am paying attention,1, , ,4,4,3,1,3,1,2,1, ,1, , , 
1,91,7,8,91,7,4,I am paying attention.,5, , , , ,3,1,2,1,2,1,1, , , , 
1,60,5, ,98,7,4,I am paying attention.,1, , ,6,6,2,1,1,1,2,1, , , , ,1
1,98,7, ,97,7,4,I am paying attention.,4,7,7,7,7,2,3,3,2,2,1, , , ,1, 
1,88,6, ,97,6,4,I am paying attention,1, , ,6,4,3,1,3,3,2,1, ,1, , , 
1,95,6, ,95,6,4,I am paying attention,2,2,3, , ,2,1,3,2,2,1, , ,1, , 
1,94,4,8,92,4,4,I am paying attention,5, , , , ,2,1,1,2,2,1,1, , , , 
1,95,7, ,97,7,4,I am paying attention,4,5,5,7,6,2,1,3,2,2,1, , , , ,1
1,70,5, ,97,6,4,I am paying attention.,4,2,2,6,6,2,1,3,2,2,1, , , , ,1
1,99,5, ,97,7,4,I am paying attention.,4,3,2,6,5,3,2,4,2,2,1, , , ,1, 
1,82,1, ,97,7,4,I am paying attention.,4,6,4,6,4,4,2,3,4,2,1, , , , ,1
1,83,6, ,88,6,4,I am paying attention,2,6,6, , ,2,1,3,2,2,1, , ,1, , 
1,58,4,8,57,4,4,I am paying attention.,5, , , , ,2,2,2,1,2,1,1, , , , 
1,75,1, ,97,7,4,I am paying attention.,4,2,5,6,6,2,1,1,5,2,1, , , , ,1
1,64,2, ,72,3,4,I am paying attention.,2,6,6, , ,1,2,2,1,2,1, , ,1, , 
1,86,2, ,97,7,4,I am paying attention.,4,1,1,6,6,2,2,3,1,2,1, , , , ,1
1,91,5, ,97,6,4,I am paying attention,1, , ,6,5,1,1,3,2,2,1, ,1, , , 
1,71,5, ,97,7,4,I am paying attention,4,6,6,6,7,2,1,1,1,2,1, , , , ,1
1,60,5, ,66,5,4,I am paying attention,2,2,2, , ,2,1,3,2,2,1, , ,1, , 
1,55,2, ,97,7,4,I am paying attention,4,2,2,1,2,2,2,2,4,2,1, , , , ,1
1,80,6,8,89,5,4,I am paying attention,5, , , , ,2,1,3,2,2,1,1, , , , 
1,51,4, ,66,4,4,I am paying attention,1, , ,5,4,3,2,4,1,2,1, ,1, , , 
1,83,6, ,97,6,4,I am paying attention,4,2,3,6,4,2,1,2,3,2,1, , , ,1, 
1,95,6, ,97,7,4,I am paying attention,4,6,6,7,7,2,1,3,2,2,1, , , ,1, 
1,93,6, ,97,7,4,I am paying attention,4,1,4,7,6,2,1,1,1,2,1, , , ,1, 
1,97,7,8,97,7,4,I am paying attention.,5, , , , ,2,1,1,2,2,1,1, , , , 
1,82,6,8,84,6,4,I am paying attention.,5, , , , ,2,2,1,2,2,1,1, , , , 
1,95,6, ,95,5,4,I am paying attention.,2,2,1, , ,2,1,2,1,2,1, , ,1, , 
1,89,1, ,62,1,4,I am paying attention,2,3,2, , ,2,2,1,2,2,1, , ,1, , 
1,96,7,8,96,7,4,I am paying attention,5, , , , ,4,1,1,2,2,1,1, , , , 
1,99,7, ,99,7,4,I am paying attention.,2,1,1, , ,2,1,1,3,2,1, , ,1, , 
1,35,5, ,97,6,4,I am paying attention.,1, , ,6,6,3,2,1,5,2,1, ,1, , , 
1,99,6, ,97,6,4,I am paying attention,4,7,7,7,7,3,2,1,1,2,1, , , ,1, 
1,95,6,8,95,6,4,I am paying attention.,5, , , , ,2,1,1,2,2,1,1, , , , 
1,95,6, ,97,7,4,I am paying attention.,1, , ,2,2,2,2,2,2,2,1, ,1, , , 
1,97,1, ,97,1,4,I am paying attention.,2,1,1, , ,2,1,1,1,2,1, , ,1, , 
1,93,6, ,97,7,4,I am paying attention.,4,2,1,7,6,3,2,1,2,2,1, , , , ,1
1,20,6, ,97,7,4,I am paying attention,1, , ,2,2,4,2,2,2,2,1, ,1, , , 
1,100,7, ,97,7,4,I am paying attention.,4,7,7,7,7,1,1,3,2,2,1, , , , ,1
1,85,3, ,97,5,4,I am paying attention,4,2,2,5,4,3,2,1,2,2,1, , , ,1, 
1,100,6,8,100,6,4,I am paying attention.,5, , , , ,2,1,1,3,2,1,1, , , , 
1,99,6, ,99,6,4,I am paying attention.,2,1,3, , ,2,1,1,1,2,1, , ,1, , 
1,66,5, ,77,6,4,I am paying attention,4,6,4,3,3,2,2,2,2,2,1, , , ,1, 
1,71,5, ,71,5,4,I am paying attention,2,5,6, , ,1,2,3,1,2,1, ,1, , , 
1,97,7, ,97,7,4,I am paying attention,4,7,7,7,3,2,1,3,1,2,1, , , ,1, 
1,85,7,8,80,5,4,I am paying attention.,5, , , , ,3,1,4,2,2,1,1, , , , 
1,100,7, ,97,7,4,I am paying attention.,4,1,4,7,7,2,1,1,2,2,1, , , , ,1
1,89,7, ,97,7,4,I am paying attention,1, , ,6,5,1,1,2,2,2,1, ,1, , , 
1,25,5, ,30,4,4,I am paying attention,2,4,5, , ,2,1,2,3,2,1, , ,1, , 
1,40,3, ,40,4,4,I am paying attention,2,4,2, , ,2,1,1,1,2,1, , ,1, , 
1,99,6,8,99,6,4,"""I am paying attention.",5, , , , ,2,1,1,1,2,1,1, , , , 
1,75,4,8,76,4,4,I am paying attention,5, , , , ,3,2,2,1,2,1,1, , , , 
1,54,4, ,56,4,4,I am paying attention,2,6,5, , ,2,1,4,2,2,1, , ,1, , 
1,84,7, ,95,7,4,I am paying attention,2,6,7, , ,3,1,3,2,2,1, , , ,1, 
1,75,4, ,97,6,4,I am paying attention,1, , ,5,5,3,2,2,2,2,1, ,1, , , 
1,94,5, ,97,7,4,I am paying attention.,4,5,4,6,5,4,1,1,3,2,1, , , , ,1
1,90,5, ,97,7,4,I am paying attention.,4,4,4,7,6,2,2,1,2,2,1, , , , ,1
1,97,4, ,97,4,4,I am paying attention.,1, , ,6,4,2,1,1,2,2,1, ,1, , , 
1,96,5, ,97,6,4,I am paying attention.,1, , ,6,5,2,1,3,2,2,1, ,1, , , 
1,95,5, ,97,6,4,I am paying attention.,4,3,4,6,4,2,1,3,3,2,1, , , , ,1
1,60,1, ,97,7,4,I am paying attention,1, , ,1,1,2,2,2,1,2,1, , , , ,1
1,97,6, ,97,6,4,I am paying attention,1, , ,6,5,2,1,3,1,2,1, , , , ,1
1,84,5,8,87,6,4,I am paying attention.,3, , , , ,1,2,2,2,2,1,1, , , , 
1,67,4, ,97,7,4,I am paying attention.,4,4,4,4,5,2,2,2,3,2,1, , , , ,1
1,82,5, ,97,7,4,I am paying attention.,4,6,7,6,6,3,2,2,2,2,1, , , ,1, 
1,92,5, ,82,4,4,I am paying attention,2,4,3, , ,2,2,3,2,2,1, , ,1, , 
1,96,7, ,97,7,4,I am paying attention.,4,1,1,7,6,3,1,1,2,2,1, , , ,1, 
1,85,7, ,82,7,4,I am paying attention,1, , ,5,7,1,2,1,3,2,1, , ,1, , 
1,80,5, ,96,5,4,I am paying attention,4,6,6,6,5,2,2,1,2,2,1, , , , ,1
1,73,5, ,97,7,4,I am paying attention.,1, , ,3,3,3,2,1,2,2,1, ,1, , , 
1,84,2, ,94,5,4,I am paying attention.,4,5,5,4,5,3,2,2,2,2,1, , , ,1, 
1,53,5, ,8,5,4,I am paying attention,2,1,1, , ,2,1,2,1,2,1, , ,1, , 
1,90,5,8,90,5,4,I am paying attention,5, , , , ,2,1,1,1,2,1,1, , , , 
1,91,6, ,97,7,4,I am paying attention.,1, , ,7,7,2,1,1,2,2,1, ,1, , , 
1,97,7, ,97,7,4,I am paying attention,2,6,7, , ,2,1,1,2,2,1, , , , ,1
1,80,2, ,80,2,4,I am paying attention.,2,4,5, , ,2,1,3,1,2,1, , ,1, , 
1,98,6,8,98,6,4,I am paying attention.,5, , , , ,2,1,4,2,2,1,1, , , , 
1,84,5,8,85,5,4,I am paying attention.,5, , , , ,2,1,3,3,2,1,1, , , , 
1,97,7, ,97,7,4,I am paying attention,2,1,2, , ,2,1,1,2,2,1, , ,1, , 
1,80,5, ,97,6,4,I am paying attention,1, , ,5,7,2,1,1,2,2,1, ,1, , , 
1,9,1, ,97,1,4,I am paying attention.,4,1,1,1,1,3,2,3,2,2,1, , , ,1, 
1,83,6, ,83,6,4,I am paying attention.,1, , ,7,6,2,1,3,2,2,1, , , ,1, 
1,97,6, ,97,7,4,I am paying attention.,4,2,1,7,5,1,2,3,2,2,1, , , , ,1
1,97,7, ,97,6,4,I am paying attention,1, , ,7,7,4,2,1,2,2,1, ,1, , , 
1,65,6,8,65,6,4,I am paying attention.,5, , , , ,2,2,3,2,2,1,1, , , , 
1,78,6,8,86,6,4,I am paying attention.,5, , , , ,3,1,2,3,2,1,1, , , , 
1,98,5, ,97,7,4,I am paying attention,4,6,6,7,7,2,1,3,2,2,1, , , ,1, 
1,99,7, ,99,7,4,I am paying attention.,2,1,1, , ,2,1,3,4,2,1, , ,1, , 
1,95,6, ,97,7,4,I am paying attention,4,4,3,7,7,2,1,1,4,2,1, , , , ,1
1,89,4, ,87,4,4,I am paying attention,2,4,1, , ,2,1,3,2,2,1, , ,1, , 
1,92,3, ,97,4,4,I am paying attention,1, , ,6,7,2,1,2,4,2,1, ,1, , , 
1,70,5, ,97,6,4,I am paying attention,1, , ,6,5,2,2,3,2,2,1, ,1, , , 
1,81,5, ,97,7,4,I am paying attention.,4,7,7,7,7,1,2,3,1,2,1, , , ,1, 
1,51,2,8,51,2,4,I am paying attention.,5, , , , ,2,2,2,2,2,1,1, , , , 
1,95,5, ,97,6,4,I am paying attention,1, , ,7,7,2,2,1,1,2,1, , , , ,1
1,99,7, ,97,7,4,I am paying attention.,1, , ,7,6,2,1,1,2,2,1, ,1, , , 
1,61,3, ,85,4,4,I am paying attention.,4,4,4,5,4,2,2,1,2,2,1, , , ,1, 
1,58,5, ,66,5,4,I am paying attention,2,4,3, , ,2,2,1,2,2,1, , ,1, , 
1,70,3,8,70,3,4,I am paying attention.,5, , , , ,3,1,3,3,2,1,1, , , , 
1,97,7, ,97,7,4,I am paying attention.,1, , ,7,7,2,2,1,2,2,1, ,1, , , 
1,99,7,8,99,7,4,I am paying attention.,5, , , , ,2,2,1,2,2,1,1, , , , 
1,38,4, ,97,4,4,I am paying attention.,4,5,5,3,4,2,1,3,2,2,1, , , , ,1
1,74,5, ,97,3,4,I am paying attention,4,4,4,4,4,2,1,1,3,2,1, , , , ,1
1,99,7,8,99,7,4,I am paying attention.,5, , , , ,2,1,1,2,2,1,1, , , , 
1,97,7, ,97,7,4,I am paying attention,2,7,7, , ,4,1,1,1,2,1, , , ,1, 
1,60,3, ,97,3,4,I am paying attention.,1, , ,3,1,2,2,1,1,2,1, ,1, , , 
1,92,2, ,89,1,4,I am paying attention.,2,1,3, , ,2,2,1,2,2,1, , ,1, , 
1,59,5, ,97,6,4,I am paying attention.,4,2,2,6,6,2,1,1,2,2,1, , , ,1, 
1,90,5, ,95,5,4,I am paying attention.,4,5,5,6,6,2,1,2,3,2,1, , , , ,1
1,98,7,8,98,6,4,I am paying attention.,5, , , , ,2,1,3,1,2,1,1, , , , 
1,98,6, ,97,6,4,I am paying attention.,2,7,6, , ,2,1,1,2,2,1, , ,1, , 
1,90,5, ,90,5,4,I am paying attention.,2,1,1, , ,2,2,3,2,2,1, , ,1, , 
1,81,1, ,97,1,4,I am paying attention,4,4,4,4,2,2,2,3,5,2,1, , , , ,1
1,100,7, ,97,7,4,I am paying attention.,2,7,7, , ,2,1,2,2,2,1, , ,1, , 
1,97,2, ,97,7,4,I am paying attention.,1, , ,7,7,1,1,3,1,2,1, ,1, , , 
1,97,7, ,93,6,4,I am paying attention,1, , ,7,5,3,1,3,2,2,1, ,1, , , 
1,80,5,8,80,5,4,I am paying attention.,5, , , , ,3,2,1,3,2,1,1, , , , 
1,98,6, ,97,6,4,I am paying attention,4,4,4,7,7,3,1,3,3,2,1, , , ,1, 
1,89,7, ,97,7,4,I am paying attention.,4,7,7,7,7,3,2,2,2,2,1, , , ,1, 
1,82,7, ,97,7,4,I am paying attention.,4,7,7,7,7,2,2,2,2,2,1, , , ,1, 
1,67,3,8,66,3,4,I am paying attention,5, , , , ,3,2,1,1,2,1,1, , , , 
1,95,6, ,91,2,4,I am paying attention.,2,4,4, , ,1,2,3,2,2,1, , ,1, , 
1,95,7, ,97,7,4,I am paying attention.,1, , ,7,7,2,1,3,2,2,1, ,1, , , 
1,95,6, ,97,7,4,I am paying attention,4,7,7,6,6,1,1,2,2,2,1, , , ,1, 
1,56,4,8,36,4,4,I am paying attention.,4,4,4,4,5,2,1,1,3,1,1,1, , , , 
1,99,3, ,97,6,4,I am paying attention,4,1,3,7,5,2,2,1,3,2,1, , , , ,1
1,60,2,8,60,2,4,I am paying attention.,5, , , , ,2,1,2,2,2,1,1, , , , 
1,30,4, ,90,5,4,I am paying attention,1, , ,3,4,2,1,2,1,2,1, ,1, , , 
1,94,2, ,97,7,4,I am paying attention,4,2,4,7,7,2,2,3,2,2,1, , , , ,1
1,98,6, ,97,7,4,I am paying attention.,4,4,4,7,7,2,1,1,2,2,1, , , , ,1
1,83,6, ,29,4,4,I am paying attention,1, , ,7,7,2,1,1,3,2,1, , ,1, , 
1,85,5, ,90,6,4,I am paying attention.,1, , ,2,3,2,1,2,2,2,1, ,1, , , 
1,35,3, ,32,3,4,I am paying attention,4,7,7,1,4,3,2,1,2,2,1, , , ,1, 
1,81,5, ,27,4,4,I am paying attention.,2,6,7, , , , , ,1,2,1, , ,1, , 
1,76,6, ,96,7,4,I am paying attention,4,5,4,7,7,2,1,3,1,2,1, , , ,1, 
1,93,5,8,92,5,4,I am paying attention.,5, , , , ,2,1,1,2,2,1,1, , , , 
1,99,7, ,97,7,4,I am paying attention,1, , ,6,7,1,1,1,2,2,1, ,1, , , 
1,80,6,8,90,7,4,I am paying attention,5, , , , ,3,1,2,2,2,1,1, , , , 
1,92,6, ,89,5,4,I am paying attention.,2,1,2, , ,2,2,1,2,2,1, , ,1, , 
1,90,4, ,97,5,4,I am paying attention.,4,6,7,6,7,2,2,1,1,2,1, , , ,1, 
1,85,3, ,96,6,4,I am paying attention.,4,2,2,6,5,2,1,1,2,2,1, , , , ,1
1,95,7,8,95,7,4,I am paying attention.,5, , , , ,2,1,1,2,2,1,1, , , , 
1,77,5, ,97,6,4,I am paying attention,4,1,2,7,7,3,2,1,2,2,1, , , , ,1
1,95,5, ,97,7,4,I am paying attention.,4,1,1,7,5,2,2,3,2,2,1, , , , ,1
1,91,6, ,100,4,4,I am paying attention.,1, , ,7,7,2,2,1,2,2,1, ,1, , , 
1,80,5, ,97,7,4,I am paying attention,1, , ,3,5,3,1,2,3,2,1, ,1, , , 
1,98,6, ,97,7,4,I am paying attention.,4,1,1,7,7,3,1,3,2,2,1, , , ,1, 
1,99,4, ,96,3,4,I am paying attention.,2,1,2, , ,3,2,1,2,2,1, , ,1, , 
1,71,2, ,97,5,4,I am paying attention.,4,5,5,5,4,2,1,3,1,2,1, , , ,1, 
1,97,6,8,97,6,4,I am paying attention,5, , , , ,2,1,1,1,2,1,1, , , , 
1,60,3, ,20,5,4,I am paying attention.,2,2,4, , ,2,1,2,1,2,1, , ,1, , 
1,92,5,8,90,4,4,I am paying attention,5, , , , ,2,2,1,3,2,1,1, , , , 
1,19,1, , ,4,4,I am paying attention,1, , ,1,1,2,2,1,2,2,1, ,1, , , 
1,95,5, ,96,5,4,I am paying attention.,2,1,1, , ,2,2,1,3,2,1, , ,1, , 
1,96,6, ,98,6,4,i am paying attention,4,1,1,7,7,2,1,1,1,2,1, , , , ,1
1,90,6, ,97,7,4,I am paying attention.,4,6,6,6,6,3,1,3,4,2,1, , , ,1, 
1,81,4, ,93,5,4,I am paying attention.,4,3,4,6,5,3,2,1,1,2,1, , , ,1, 
1,91,3, ,91,3,4,I am paying attention.,2,1,1, , ,3,1,1,2,2,1, , ,1, , 
1,83,6, ,97,7,4,I am paying attention,4,4,4,7,7,2,2,1,2,2,1, , , , ,1
1,95,6, ,97,6,4,I am paying attention.,1, , ,6,6,2,1,1,2,2,1, ,1, , , 
1,97,5,8,94,5,4,I am paying attention,5, , , , ,2,2,3,2,2,1,1, , , , 
1,51,2,8,50,3,4,I am paying attention.,5, , , , ,3,1,3,2,2,1,1, , , , 
1,93,5,8,93,5,4,I am paying attention,5, , , , ,2,2,1,1,2,1,1, , , , 
1,81,3, ,97,7,4,I am paying attention,2,2,2, , ,2,2,2,2,2,1, , , , ,1
1,74,6, ,81,6,4,I am paying attention.,1, , ,6,6,2,2,3,1,2,1, , , ,1, 
1,85,3,8,85,3,4,I am paying attention.,5, , , , ,4,1,3,2,2,1,1, , , , 
1,78,6, ,92,6,4,I am paying attention.,1, , ,5,5,3,1,1,1,2,1, ,1, , , 
1,95,5, ,95,5,4,I am paying attention.,2,2,2, , ,2,1,3,2,2,1, , ,1, , 
1,80,1, ,97,7,4,I am paying attention,4,6,7,6,7,2,2,1,1,2,1, , , , ,1
1,80,5, ,97,6,4,I am paying attention,1, , ,7,7,2,1,1,2,2,1, ,1, , , 
1,98,6, ,90,5,4,I am paying attention.,4,7,7,7,6,2,1,3,1,2,1, , , ,1, 
1,95,5, ,97,6,4,I am paying attention.,1, , ,5,5,2,1,3,1,2,1, ,1, , , 
1,95,5, ,95,5,4,I am paying attention,2,4,2, , ,2,1,3,1,2,1, , ,1, , 
1,64,4, ,97,7,4,I am paying attention.,4,4,3,6,6,2,1,3,1,2,1, , , , ,1
1,99,7, ,97,7,4,I am paying attention.,4,7,7,7,7,2,1,2,2,1,1, , , ,1, 
1,84,5, ,75,3,4,I am paying attention,2,3,3, , ,3,1,3,2,2,1, , ,1, , 
1,97,7,8,98,7,4,I am paying attention,5, , , , ,3,1,1,3,2,1,1, , , , 
1,99,6, ,97,7,4,"""I am paying attention.""",4,5,2,6,2,2,2,1,2,2,1, , , ,1, 
1,80,5, ,95,6,4,I am paying attention,2,7,6, , ,2,1,3,4,2,1, , ,1, , 
1,98,6, ,97,7,4,I am paying attention.,2,1,1, , ,2,2,3,3,2,1, , , , ,1
1,70,2, ,95,2,4,I am paying attention,1, , ,3,4,2,2,2,2,2,1, ,1, , , 
1,80,5, ,10,5,4,i am paying attention,1, , ,7,7,3,2,2,1,2,1, ,1, , , 
1,97,6, ,97,7,4,I am paying attention.,4,1,1,7,7,2,2,1,1,2,1, , , , ,1
1,90,6, ,97,6,4,I am paying attention,1, , ,7,6,2,2,3,2,2,1, ,1, , , 
1,97,7,8,97,7,4,I am paying attention.,5, , , , ,1,1,1,2,2,1,1, , , , 
1,75,3, ,75,3,4,I am paying attention.,2,4,5, , ,2,1,1,1,2,1, , ,1, , 
1,60,5, ,97,7,4,I am paying attention,4,5,5,6,6,2,2,1,1,2,1, , , , ,1
1,50,4, ,97,4,4,I am paying attention,4,5,5,5,5,2,2,3,1,2,1, , , ,1, 
1,80,5, ,97,7,4,I am paying attention.,1, , ,6,5,2,1,1,1,2,1, ,1, , , 
1,70,5,8,72,5,4,I am paying attention,5, , , , ,2,2,2,3,2,1,1, , , , 
1,10,5, ,10,5,4,I am paying attention,2,3,3, , ,2,1,1,1,2,1, , ,1, , 
1,100,7, ,100,7,4,I am paying attention.,2,7,7, , ,2,1,3,2,2,1, , ,1, , 
1,85,5, ,90,4,4,I am paying attention.,4,3,4,6,6,2,2,3,3,2,1, , , ,1, 
1,89,6, ,97,7,4,I am paying attention.,1, , ,7,6,2,2,1,2,2,1, ,1, , , 
1,80,5, ,97,7,4,I am paying attention.,4,6,6,6,6,2,1,3,1,2,1, , , , ,1
1,95,6, ,95,6,4,I am paying attention.,2,4,1, , ,2,1,3,1,2,1, , ,1, , 
1,65,4,8,67,3,4,I am paying attention.,5, , , , ,2,2,3,2,2,1,1, , , , 
1,99,6, ,99,6,4,I am paying attention.,4,1,1,7,4,3,2,1,3,2,1, , , , ,1
1,75,3, ,97,7,4,I am paying attention,2,1,5, , ,2,2,1,2,2,1, , , , ,1
1,98,6, ,98,6,4,I am paying attention.,2,1,1, , ,2,2,1,2,2,1, , ,1, , 
1,78,3, ,97,7,4,I am paying attention.,1, , ,3,3,2,1,3,1,2,1, ,1, , , 
1,98,7,8,98,7,4,I am paying attention,5, , , , ,1,1,1,2,2,1,1, , , , 
1,83,5, ,97,7,4,I am paying attention,4,7,7,6,7,2,1,1,1,2,1, , , , ,1
1,95,7, ,5,7,4,I am paying attention,4,1,1,7,7,3,1,1,1,2,1, , , ,1, 
1,80,3, ,97,6,4,I am paying attention,1, , ,6,6,2,1,3,2,2,1, ,1, , , 
1,70,2,8,53,2,4,I am paying attention,5, , , , ,2,1,2,2,2,1,1, , , , 
1,90,5, ,41,4,4,I am paying attention.,2,2,4, , ,2,1,2,2,2,1, , ,1, , 
1,99,7, ,97,7,4,I am paying attention.,4,6,1,7,7,2,1,3,2,2,1, , , ,1, 
1,41,1, ,97,7,4,I am paying attention,4,5,4,4,4,2,2,3,2,2,1, , , ,1, 
1,95,7, ,97,7,4,I am paying attention,4,1,1,7,4,3,1,3,2,2,1, , , , ,1
1,61,5, ,66,5,4,I am paying attention.,4,6,6,5,6,2,2,2,2,2,1, , , ,1, 
1,94,6,8,53,6,4,I am paying attention,5, , , , ,2,1,1,1,2,1,1, , , , 
1,97,6, ,97,5,4,I am paying attention.,1, , ,2,2,3,2,2,2,2,1, ,1, , , 
1,97,6, ,97,7,4,I am paying attention.,4,1,1,7,6,2,1,1,2,2,1, , , , ,1
1,85,6,8,85,6,4,I am paying attention.,5, , , , ,2,1,1,3,2,1,1, , , , 
1,71,6, ,80,5,4,I am paying attention,5, , , , ,2,2,1,3,2,1, , ,1, , 
1,88,5, ,97,6,4,I am paying attention,1, , ,5,3,2,1,3,2,2,1, ,1, , , 
1,19,5, ,41,5,4,I am paying attention.,2,6,4, , ,2,1,1,2,2,1, , ,1, , 
1,93,6, ,97,7,4,i am paying attention,4,3,3,7,7,2,2,1,1,2,1, , , ,1, 
1,90,5, ,92,5,4,I am paying attention,2,2,1, , ,2,2,1,1,2,1, , ,1, , 
1,90,1, ,97,7,4,I am paying attention.,1, , ,4,4,2,1,3,2,2,1, ,1, , , 
1,60,4,8,60,4,4,I am paying attention.,5, , , , ,2,2,3,5,2,1,1, , , , 
1,87,7, ,97,7,4,I am paying attention,1, , ,7,7,2,1,2,1,2,1, , , ,1, 
1,64,3, ,97,6,4,I am paying attention.,4,4,3,5,3,2,1,1,2,2,1, , , , ,1
1,89,6, ,90,7,4,I am paying attention,1, , ,6,5,2,1,1,2,2,1, ,1, , , 
1,95,4, ,97,6,4,I am paying attention.,4,1,1,7,7,2,1,3,2,2,1, , , , ,1
1,99,6, ,98,6,4,I am paying attention.,4,6,6,6,7,4,1,3,2,2,1, , , ,1, 
1,97,6, ,97,6,4,I am paying attention.,2,6,6, , ,2,1,3,1,2,1, , ,1, , 
1,82,5, ,97,7,4,I am paying attention.,4,1,5,7,7,2,2,1,1,2,1, , , , ,1
1,83,6, ,85,6,4,I am paying attention.,1, , ,6,6,2,2,1,2,1,1, , ,1, , 
1,62,3,8,70,3,4,I am paying attention,5, , , , ,3,2,2,3,2,1,1, , , , 
1,87,6, ,99,7,4,I am paying attention,4,7,7,7,7,2,1,3,2,2,1, , , , ,1
1,85,6,8,85,5,4,I am paying attention,5, , , , ,1,1,1,2,2,1,1, , , , 
1,72,5, ,96,6,4,I am paying attention.,4,4,4,3,1,2,1,3,2,2,1, , , ,1, 
1,95,7, ,97,7,4,I am paying attention.,1, , ,7,7,2,1,2,2,2,1, ,1, , , 
1,55,6, ,68,2,4,I am paying attention.,1, , ,2,2,2,1,2,1,2,1, ,1, , , 
1,70,5, ,97,7,4,I am paying attention.,4,6,6,6,5,2,2,3,1,2,1, , , ,1, 
1,97,6,8,97,6,4,I am paying attention.,5, , , , ,2,2,1,1,2,1,1, , , , 
1,95,7, ,97,7,4,I am paying attention,2,7,7, , ,2,2,2,2,2,1, , ,1, , 
1,67,4, ,97,7,4,I am paying attention.,1, , ,5,7,2,1,1,2,2,1, ,1, , , 
1,87,6, ,97,6,4,I am paying attention.,4,2,2,6,6,2,2,1,2,2,1, , , ,1, 
1,83,1, ,97,7,4,I am paying attention,1, , ,7,7,2,2,1,3,2,1, ,1, , , 
1,80,6,8,81,6,4,I am paying attention,5, , , , ,3,2,1,2,2,1,1, , , , 
1,55,5,8,55,5,4,I am paying attention,5, , , , ,2,1,3,3,2,1,1, , , , 
1,98,6, ,97,6,4,I am paying attention,5, , , , ,1,2,3,2,2,1, , , , ,1
1,97,7, ,97,7,4,I am paying attention.,4,1,2,7,7,2,2,1,2,2,1, , , , ,1
1,96,7, ,95,7,4,I am paying attention.,1, , ,7,7,2,1,3,3,2,1, , ,1, , 
1,81,1, ,81,1,4,I am paying attention,2,4,4, , ,2,1,3,1,2,1, , ,1, , 
1,85,5, ,97,6,4,I am paying attention.,4,1,7,7,6,4,1,1,4,2,1, , , , ,1
1,83,4, ,97,7,4,"""I am paying attention.""",1, , ,6,4,2,1,1,2,2,1, ,1, , , 
1,71,2,8,76,2,4,I am paying attention,5, , , , ,2,1,1,1,2,1,1, , , , 
1,99,6, ,97,7,4,I am paying attention,4,2,1,7,6,2,2,1,3,2,1, , , , ,1
1,60,1, ,95,1,4,I am paying attention,4,4,4,2,2,2,2,2,2,2,1, , , ,1, 
1,60,5,8,60,5,4,I am paying attention.,5, , , , ,2,2,2,2,2,1,1, , , , 
1,70,3, ,40,2,4,I am paying attention,2,2,3, , ,2,1,1,2,2,1, , ,1, , 
1,71,6, ,97,7,4,I am paying attention.,4,6,6,7,6,2,2,1,1,2,1, , , ,1, 
1,95,6, ,97,7,4,I am paying attention.,1, , ,7,7,2,2,1,2,2,1, ,1, , , 
1,90,6, ,97,6,4,I am paying attention,2,6,5, , ,2,1,3,2,2,1, , , ,1, 
1,37,3, ,34,2,4,I am paying attention,2,3,3, , ,4,2,1,1,2,1, , ,1, , 
1,96,6, ,97,7,4,I am paying attention.,4,1,1,7,1,2,1,1,2,2,1, , , , ,1
1,70,2, ,70,2,4,I am paying attention.,2,2,2, , ,3,2,3,2,2,1, , ,1, , 
1,97,2, ,97,2,4,I am paying attention.,4,4,1,4,1,2,1,1,2,2,1, , , ,1, 
1,50,4, ,97,4,4,I am paying attention.,1, , ,1,1,2,2,2,2,2,1, ,1, , , 
1,70,1,8,71,1,4,I am paying attention.,5, , , , ,2,1,2,2,2,1,1, , , , 
1,80,4,8,80,4,4,I am paying attention.,5, , , , ,2,1,2,3,2,1,1, , , , 
1,95,6, ,97,6,4,I am paying attention.,4,5,5,6,6,2,2,1,2,2,1, , , ,1, 
1,86,7, ,97,7,4,I am paying attention,4,4,3,6,7,4,2,2,1,2,1, , , , ,1
1,53,4, ,97,1,4,I am paying attention,1, , ,1,1,2,2,2,2,2,1, ,1, , , 
1,80,5, ,78,5,4,I am paying attention.,2,5,6, , ,2,1,1,2,2,1, , ,1, , 
1,79,6, ,97,6,4,I am paying attention.,4,6,6,6,6,2,1,1,4,2,1, , , , ,1
1,99,6, ,99,6,4,I am paying attention,2,6,6, , ,1,1,3,2,2,1, , ,1, , 
1,76,5,8,75,5,4,I am paying attention.,5, , , , ,1,2,1,2,2,1,1, , , , 
1,67,4, ,43,5,4,I am paying attention,4,1,5,5,1,2,1,1,3,2,1, , , , ,1
1,95,3, ,97,4,4,I am paying attention,4,1,3,6,6,3,2,3,1,2,1, , , ,1, 
1,97,7, ,97,7,4,I am paying attention.,2,7,7, , ,3,2,3,1,2,1, , ,1, , 
1,53,2, ,70,3,4,I am paying attention,4,4,4,3,2,2,2,2,2,2,1, , , , ,1
1,96,7, ,96,7,4,I am paying attention,2,1,2, , ,2,1,3,3,2,1, , ,1, , 
1,65,6, ,65,6,4,I am paying attention.,1, , ,2,1,2,1,1,3,2,1, ,1, , , 
1,76,4,8,75,4,4,I am paying attention,5, , , , ,2,1,1,1,2,1,1, , , , 
1,65,4, ,80,4,4,I am paying attention,4,5,5,5,4,2,1,1,2,2,1, , , , ,1
1,99,6, ,97,7,4,I am paying attention,1, , ,7,5,2,1,3,5,2,1, ,1, , , 
1,95,6, ,97,6,4,I am paying attention,1, , ,7,5,2,1,3,1,2,1, ,1, , , 
1,97,6, ,97,6,4,I am paying attention.,4,4,4,4,5,2,1,2,2,2,1, , , ,1, 
1,77,3,9,76,3,4,I am paying attention,5, , , , ,2,2,1,4,2,1,1, , , , 
1,99,6, ,97,7,4,I am paying attention.,4,7,7,3,4,1,1,1,2,2,1, , , ,1, 
1,84,6, ,97,7,4,I am paying attention,4,4,4,6,6,2,1,1,2,2,1, , , , ,1
1,99,6,8,99,5,4,I am paying attention,5, , , , ,3,2,1,3,2,1,1, , , , 
1,87,6, ,97,7,4,I am paying attention,1, , ,7,6,1,1,1,1,2,1, ,1, , , 
1,65,3, ,72,4,4,I am paying attention.,2,5,6, , ,2,2,2,2,2,1, , ,1, , 
1,80,5,8,85,5,4,I am paying attention.,5, , , , ,2,1,2,2,2,1,1, , , , 
1,90,3, ,97,7,4,I am paying attention.,1, , ,4,5,3,2,1,2,2,1, ,1, , , 
1,81,5, ,97,7,4,I am paying attention.,2,6,6, , ,2,1,1,2,2,1, , , ,1, 
1,100,7, ,100,7,4,I am paying attention,2,7,7, , ,2,1,1,3,2,1, , ,1, , 
1,92,5, ,97,7,4,I am paying attention.,4,4,1,7,6,3,2,1,1,2,1, , , , ,1
1,97,6, ,97,6,4,I am paying attention.,2,1,1, , ,2,1,3,1,2,1, , ,1, , 
1,94,5, ,97,6,4,I am paying attention,1, , ,6,7,2,1,1,2,2,1, ,1, , , 
1,80,5, ,95,4,4,I am paying attention.,4,6,6,4,5,2,1,3,2,2,1, , , ,1, 
1,90,5, ,97,7,4,I am paying attention.,4,4,3,7,6,1,1,1,2,2,1, , , , ,1
1,95,6, ,97,6,4,I am paying attention.,4,6,6,6,6,2,2,1,2,2,1, , , ,1, 
1,80,5, ,75,5,4,I am paying attention,2,2,3, , ,2,1,1,2,2,1, , ,1, , 
1,70,5, ,90,7,4,I am paying attention,1, , ,7,7,2,2,3,3,2,1, ,1, , , 
1,60,4, ,97,4,4,I am paying attention,1, , ,5,5,2,2,1,2,2,1, , , , ,1
1,75,5,9,95,6,4,I am paying attention.,5, , , , ,2,1,1,1,2,1,1, , , , 
1,78,5,8,66,4,4,I am paying attention.,5, , , , ,2,2,1,2,2,1,1, , , , 
1,97,6,8,98,6,4,I am paying attention,5, , , , ,2,2,1,2,2,1,1, , , , 
1,61,5, ,60,5,4,I am paying attention.,2,6,6, , ,4,1,2,2,2,1, , ,1, , 
1,82,3, ,97,6,4,I am paying attention.,1, , ,6,6,2,2,1,3,2,1, ,1, , , 
1,98,6, ,97,7,4,I am paying attention.,4,2,2,7,7,2,1,2,2,2,1, , , , ,1
1,97,7, ,97,7,4,I am paying attention.,4,1,1,7,7,2,1,1,2,2,1, , , , ,1
1,90,4, ,90,5,4,I am paying attention.,4,5,4,6,7,2,1,3,2,2,1, , , ,1, 
1,95,5,8,95,5,4,I am paying attention,5, , , , ,2,1,3,1,2,1,1, , , , 
1,75,3, ,96,6,4,I am paying attention.,4,3,2,5,6,2,1,2,2,2,1, , , ,1, 
1,80,2, ,70,1,4,I am paying attention.,2,3,4, , ,2,1,1,1,2,1, , ,1, , 
1,99,5, ,90,4,4,I am paying attention.,1, , ,7,7,2,1,1,3,2,1, ,1, , , 
1,91,2, ,97,2,4,I am paying attention,4,5,5,2,2,4,1,3,3,2,1, , , , ,1
1,73,5, ,75,6,4,i am paying attention,2,5,6, , ,1,2,3,1,2,1, , ,1, , 
1,85,5, ,90,5,4,I am paying attention.,1, , ,7,6,2,1,1,2,2,1, ,1, , , 
1,90,5,8,90,5,4,I am paying attention.,5, , , , ,2,1,2,2,2,1,1, , , , 
1,92,6,8,92,6,4,I am paying attention.,5, , , , ,2,1,1,2,2,1,1, , , , 
1,63,4, ,34,2,4,I am paying attention.,2,4,5, , ,3,2,4,4,2,1, , ,1, , 
1,98,6, ,97,6,4,I am paying attention.,4,4,3,6,6,2,1,1,2,2,1, , , ,1, 
1,99,6, ,97,4,4,I am paying attention.,1, , ,4,4,2,1,3,2,2,1, ,1, , , 
1,98,6, ,97,6,4,I am paying attention,4,4,6,7,6,2,1,3,1,2,1, , , ,1, 
1,95,4, ,95,6,4,I am paying attention,1, , ,4,4,1,1,1,2,2,1, ,1, , , 
1,81,2, ,75,1,4,I am paying attention.,2,4,4, , ,2,1,3,2,2,1, , ,1, , 
1,70,5, ,97,7,4,I am paying attention,4,7,7,6,7,2,2,2,1,2,1, , , , ,1
1,97,5,8,87,2,4,I am paying attention.,5, , , , ,3,1,1,3,2,1,1, , , , 
1,90,5, ,97,6,4,"""I am paying attention.",2,1,2, , ,2,1,1,2,2,1, , , , ,1
1,95,6,8,95,6,4,I am paying attention,5, , , , ,1,1,1,2,2,1,1, , , , 
1,80,3, ,85,5,4,I am paying attention.,2,6,6, , ,2,2,3,2,2,1, , ,1, , 
1,90,6, ,97,6,4,I am paying attention.,1, , ,5,5,2,1,1,2,2,1, ,1, , , 
1,81,5, ,97,6,4,I am paying attention.,1, , ,5,5,2,1,2,2,2,1, ,1, , , 
1,85,5, ,97,6,4,I am paying attention.,4,5,6,5,7,3,2,1,2,2,1, , , ,1, 
1,99,6, ,97,7,4,I am paying attention.,4,4,1,7,7,2,1,1,3,2,1, , , ,1, 
1,80,4, ,97,5,4,I am paying attention.,2,4,4, , ,2,1,4,1,2,1, , , , ,1
1,95,6,8,95,6,4,I am paying attention,5, , , , ,2,1,3,2,2,1,1, , , , 
1,79,2, ,96,6,4,I am paying attention.,4,3,3,6,5,2,2,1,2,2,1, , , , ,1
1,72,5,8,71,5,4,I am paying attention.,5, , , , ,2,1,1,1,2,1,1, , , , 
1,69,5, ,30,5,4,I am paying attention,2,3,4, , ,2,2,1,2,2,1, , ,1, , 
1,67,3, ,97,7,4,I am paying attention.,1, , ,6,7,2,2,3,2,2,1, ,1, , , 
1,85,5,8,90,5,4,I am paying attention,5, , , , ,2,1,1,2,2,1,1, , , , 
1,90,5, ,97,7,4,I am paying attention.,4,7,7,7,7,3,2,1,2,2,1, , , ,1, 
1,80,1, ,97,6,4,I am paying attention.,4,6,6,6,6,3,2,1,2,2,1, , , ,1, 
1,95,6, ,97,7,4,I am paying attention.,4,3,5,7,6,2,2,1,2,2,1, , , , ,1
1,97,6, ,97,6,4,I am paying attention.,2,4,1, , ,2,1,3,2,2,1, , ,1, , 
1,87,5, ,94,6,4,I am paying attention,1, , ,7,7,3,2,2,2,2,1, ,1, , , 
1,79,6, ,86,6,4,I am paying attention.,1, , ,5,5,2,1,2,2,2,1, , , , ,1
1,97,7, ,97,7,4,I am paying attention,4,1,1,7,1,3,2,1,1,2,1, , , ,1, 
1,80,5, ,97,7,4,I am paying attention,4,2,5,7,7,3,2,3,1,2,1, , , , ,1
1,94,5, ,94,5,4,I am paying attention.,2,4,4, , ,2,1,3,1,2,1, , ,1, , 
1,15,5,8,15,5,4,I am paying attention.,5, , , , ,2,2,2,2,2,1,1, , , , 
1,81,1, ,78,2,4,I am paying attention,1, , ,1,2,2,2,1,2,2,1, ,1, , , 
1,98,7, ,97,7,4,I am paying attention,4,2,1,7,6,2,1,2,3,2,1, , , , ,1
1,79,5, ,37,3,4,I am paying attention,2,4,5, , ,2,2,3,1,2,1, , ,1, , 
1,99,7, ,99,7,4,I am paying attention,4,7,5,7,6,2,2,1,3,2,1, , , ,1, 
1,80,5, ,97,5,4,I am paying attention,1, , ,6,6,2,2,3,2,2,1, ,1, , , 
1,88,5,8,85,5,4,I am paying attention.,5, , , , ,3,1,2,2,2,1,1, , , , 
1,56,5, ,88,6,4,I am paying attention,4,4,4,3,5,2,1,1,2,2,1, , , ,1, 
1,99,7,8,99,7,4,I am paying attention.,5, , , , ,2,2,1,2,2,1,1, , , , 
1,87,6, ,80,5,4,I am paying attention.,2,6,6, , ,1,1,3,1,2,1, , ,1, , 
1,86,7, ,86,6,4,I am paying attention.,2,7,6, , ,1,2,3,2,2,1, , ,1, , 
1,80,6, ,97,7,4,I am paying attention.,4,7,7,7,7,2,2,3,2,2,1, , , , ,1
1,95,7, ,97,7,4,I am paying attention,1, , ,7,7,2,1,1,3,2,1, ,1, , , 
1,97,5, ,97,5,4,I am paying attention.,1, , ,6,6,2,1,1,1,2,1, ,1, , , 
1,90,5, ,97,7,4,I am paying attention.,4,7,7,7,7,2,2,1,2,2,1, , , ,1, 
1,90,7,8,85,7,4,I am paying attention.,5, , , , ,2,2,1,3,2,1,1, , , , 
1,90,5, ,90,5,4,I am paying attention.,2,1,1, , ,1,1,3,2,2,1, , ,1, , 
1,92,7, ,96,7,4,I am paying attention,4,1,1,7,7,2,1,2,2,2,1, , , , ,1
1,97,7, ,97,7,4,I am paying attention.,4,7,6,7,7,2,2,1,2,2,1, , , ,1, 
1,92,7, ,97,7,4,I am paying attention,4,7,7,7,7,3,2,2,2,2,1, , , , ,1
1,98,4, ,98,4,4,I am paying attention.,3, , , , ,2,1,3,1,2,1, , ,1, , 
1,99,7, ,97,7,4,I am paying attention,1, , ,7,5,1,1,2,2,2,1, ,1, , , 
1,99,7,8,99,7,4,I am paying attention.,5, , , , ,2,1,1,2,2,1,1, , , , 
1,93,7, ,97,7,4,I am paying attention.,1, , ,6,7,2,2,1, ,2,1, ,1, , , 
1,84,1, ,62,2,4,i am paying attention,2,2,4, , ,2,2,1,1,2,1, , ,1, , 
1,86,7,8,90,7,4,I am paying attention,5, , , , ,1,1,1,2,2,1,1, , , , 
1,90,6, ,95,7,4,I am paying attention.,4,7,7,6,7,1,1,2,2,2,1, , , ,1, 
1,68,5, ,97,7,4,I am paying attention.,4,1,1,6,6,2,1,3,2,2,1, , , , ,1
1,95,7, ,97,7,4,I am paying attention,4,4,2,7,4,2,2,1,2,2,1, , , ,1, 
1,61,5, ,60,5,4,I am paying attention.,2,4,5, , ,2,1,3,3,2,1, , ,1, , 
1,76,6, ,97,7,4,I am paying attention,1, , ,7,6,1,2,1,1,2,1, ,1, , , 
1,93,6,8,93,6,4,I am paying attention,5, , , , ,1,1,1,3,2,1,1, , , , 
1,80,5,8,81,5,4,I am paying attention.,5, , , , ,3,1,1,1,2,1,1, , , , 
1,92,5, ,97,7,4,I am paying attention.,4,4,4,6,6,2,2,2,2,2,1, , , , ,1
1,43,3, ,41,3,4,I am paying attention,2,3,2, , ,2,1,2,2,2,1, , ,1, , 
1,73,3, ,97,5,4,I am paying attention.,4,5,4,2,2,2,2,3,2,2,1, , , , ,1
1,99,6, ,97,7,4,I am paying attention.,4,1,1,7,6,2,1,1,1,2,1, , , ,1, 
1,90,6, ,97,7,4,I am paying attention.,1, , ,7,7,2,2,3,3,2,1, ,1, , , 
1,93,7, ,95,6,4,I am paying attention.,2,6,7, , ,2,1,1,2,2,1, , ,1, , 
1,94,5,8,94,6,4,I am paying attention,5, , , , ,2,2,1,2,2,1,1, , , , 
1,95,4, ,97,5,4,I am paying attention.,1, , ,5,5,2,1,1,2,2,1, ,1, , , 
1,85,3, ,97,7,4,I am paying attention,4,4,3,5,6,2,2,2,2,2,1, , , ,1, 
1,98,7, ,97,7,4,I am paying attention,4,4,1,7,4,2,1,1,2,2,1, , , , ,1
1,97,7,8,97,7,4,I am paying attention.,5, , , , ,2,1,1,1,2,1,1, , , , 
1,90,7, ,94,5,4,I am paying attention,4,3,4,7,7,2,1,1,1,2,1, , , ,1, 
1,100,7, ,100,7,4,I am paying attention.,2,7,6, , ,1,1,3,2,2,1, , ,1, , 
1,95,5, ,97,7,4,I am paying attention,1, , ,6,6,2,1,3,3,2,1, ,1, , , 
1,78,7, ,97,7,4,i am paying attention,1, , ,6,7,1,2,1,1,2,1, ,1, , , 
1,99,5,8,99,5,4,I am paying attention.,5, , , , ,2,2,1,2,2,1,1, , , , 
1,53,4, ,93,3,4,I am paying attention.,2,3,2, , ,4,1,3,2,2,1, , , , ,1
1,75,4, ,91,5,4,I am paying attention,2,7,6, , ,2,1,1,2,2,1, , ,1, , 
1,62,5, ,31,4,4,I am paying attention,4,3,2,6,3,3,1,1,2,2,1, , , ,1, 
1,99,5, ,99,5,4,I am paying attention.,2,1,2, , ,2,1,2,2,2,1, , ,1, , 
1,98,6,8,98,6,4,i am paying attention,5, , , , ,1,1,1,2,2,1,1, , , , 
1,75,5, ,97,7,4,I am paying attention.,4,7,6,7,6,1,1,1,2,2,1, , , , ,1
1,95,5, ,97,6,4,I am paying attention.,1, , ,6,6,2,1,1,2,2,1, ,1, , , 
1,81,6, ,97,7,4,I am paying attention.,4,6,7,6,6,4,2,1,2,2,1, , , ,1, 
1,91,3, ,80,4,4,I am paying attention,2,5,6, , ,2,2,1,2,2,1, , ,1, , 
1,90,5, ,97,7,4,I am paying attention.,1, , ,7,4,2,3,3,5,2,1, , , , ,1
1,82,5, ,97,7,4,I am paying attention,1, , ,7,7,2,1,3,4,2,1, ,1, , , 
1,52,5,8,60,6,4,I am paying attention.,5, , , , ,2,1,3,2,2,1,1, , , , 
1,90,5, ,97,6,4,I am paying attention.,4,6,3,5,5,2,1,2,2,2,1, , , ,1, 
1,90,5, ,97,7,4,I am paying attention.,4,7,7,6,6,2,1,1,2,2,1, , , ,1, 
1,87,5, ,97,7,4,I am paying attention,1, , ,7,6,2,2,1,1,2,1, ,1, , , 
1,98,5,8,98,5,4,I am paying attention.,5, , , , ,2,2,1,2,2,1,1, , , , 
1,96,6, ,97,7,4,I am paying attention.,1, , ,7,7,2,2,1,2,2,1, ,1, , , 
1,60,4, ,11,5,4,I am paying attention.,2,4,4, , ,3,2,3,1,2,1, , ,1, , 
1,60,3, ,97,4,4,I am paying attention,4,1,1,7,7,2,1,3,1,2,1, , , , ,1
1,95,6, ,95,6,4,I am paying attention,4,7,6,7,6,1,1,1,2,2,1, , , , ,1
1,89,5,8,88,5,4,I am paying attention.,5, , , , ,3,2,3,2,2,1,1, , , , 
1,91,5, ,66,6,4,I am paying attention.,2,4,5, , ,2,1,1,2,2,1, , ,1, , 
1,62,3, ,13,4,4,I am paying attention,2,4,3, , ,2,1,2,2,2,1, , ,1, , 
1,95,6, ,95,6,4,I am paying attention.,4,3,5,6,4,2,1,3,4,2,1, , , ,1, 
1,36,2, ,97,1,4,I am paying attention.,1, , ,1,1,4,2,3,1,2,1, ,1, , , 
1,71,2, ,97,6,4,I am paying attention.,4,7,6,3,6,3,1,3,3,2,1, , , ,1, 
1,40,1,8,40,1,4,I am paying attention.,5, , , , ,2,2,3,5,2,1,1, , , , 
1,50,6, ,50,7,4,I am paying attention,4,1,1,1,1,2,1,2,2,2,1, , , , ,1
1,97,6, ,97,7,4,I am paying attention.,4,1,5,7,5,3,1,1,2,2,1, , , ,1, 
1,98,6, ,98,6,4,I am paying attention.,2,6,6, , ,4,2,1,2,2,1, , ,1, , 
1,80,5, ,97,7,4,I am paying attention,4,6,6,6,6,3,1,2,1,2,1, , , , ,1
1,97,5,8,97,5,4,I am paying attention.,5, , , , ,2,1,1,2,2,1,1, , , , 
1,100,7, ,99,7,4,I am paying attention.,1, , ,7,7,2,1,1,2,2,1, ,1, , , 
1,70,5,8,70,5,4,I am paying attention.,5, , , , ,2,1,1,1,2,1,1, , , , 
1,97,6, ,92,5,4,I am paying attention.,2,3,1, , ,2,2,1,2,2,1, , ,1, , 
1,90,6, ,97,6,4,I am paying attention.,4,2,2,7,7,4,1,1,2,2,1, , , ,1, 
1,99,5, ,97,6,4,I am paying attention,1, , ,6,6,2,1,1,1,2,1, ,1, , , 
1,95,5, ,97,7,4,I am paying attention.,4,1,1,7,7,3,1,3,2,2,1, , , , ,1
1,98,7,8,99,7,4,I am paying attention.,5, , , , ,1,1,2,2,2,1,1, , , , 
1,60,5,8,60,5,4,I am paying attention,5, , , , ,4,1,3,2,2,1,1, , , , 
1,80,5, ,92,5,4,I am paying attention.,1, , ,6,6,2,1,1,2,2,1, ,1, , , 
1,90,5, ,90,5,4,I am paying attention,2,6,6, , ,2,1,1,2,2,1, , ,1, , 
1,40,1, ,97,7,4,I am paying attention.,4,5,6,4,5,2,1,3,2,2,1, , , ,1, 
1,71,2, ,97,6,4,I am paying attention.,4,1,2,7,6,2,2,1,1,2,1, , , , ,1
1,98,6, ,97,7,4,I am paying attention.,4,4,4,7,7,2,1,1,2,2,1, , , , ,1
1,95,5, ,90,5,4,I am paying attention.,2,1,2, , ,2,1,1,2,2,1, , ,1, , 
1,65,5, ,97,6,4,I am paying attention,1, , ,3,4,2,1,2,2,2,1, ,1, , , 
1,70,4, ,97,5,4,I am paying attention,4,5,6,6,7,2,2,2,1,2,1, , , ,1, 
1,97,6,8,97,6,4,I am paying attention.,5, , , , ,2,2,1,1,2,1,1, , , , 
1,80,5, ,70,6,4,I am paying attention,2,5,5, , ,2,1,1,2,2,1, , ,1, , 
1,80,5, ,97,7,4,I am paying attention,4,6,6,6,5,3,1,2,3,2,1, , , ,1, 
1,98,5, ,97,6,4,I am paying attention.,4,3,1,6,7,3,2,1,1,2,1, , , , ,1
1,93,7, ,97,7,4,I am paying attention.,1, , ,7,5,2,1,3,2,2,1, ,1, , , 
1,70,5, ,96,5,4,I am paying attention,4,2,2,2,2,2,2,3, ,2,1, , , ,1, 
1,51,5,8,51,5,4,I am paying attention.,5, , , , ,1,2,3,2,2,1,1, , , , 
1,96,5, ,96,5,4,I am paying attention.,2,1,1, , ,2,2,1,2,2,1, , ,1, , 
1,65,2, ,97,5,4,I am paying attention.,1, , ,2,1,2,2,4,2,2,1, ,1, , , 
1,81,5, ,97,6,4,I am paying attention,4,3,3,6,7,2,1,3,5,2,1, , , , ,1
1,95,7, ,95,7,4,I am paying attention.,2,7,7, , ,2,1,1,2,2,1, , ,1, , 
1,81,1, ,97,7,4,I am paying attention.,4,6,6,5,6,2,1,1,1,2,1, , , , ,1
1,95,5,8,95,5,4,I am paying attention.,3, , , , ,2,1,1,1,2,1,1, , , , 
1,85,5, ,91,6,4,I am paying attention,4,4,5,4,6,2,2,3,1,2,1, , , ,1, 
1,87,4, ,97,5,4,I am paying attention,1, , ,5,4,2,1,1,1,2,1, ,1, , , 
1,80,5, ,97,6,4,I am paying attention.,1, , ,6,6,2,1,3,2,2,1, ,1, , , 
1,100,3, ,97,4,4,I am paying attention.,4,4,2,5,4,2,2,1,2,2,1, , , , ,1
1,90,5,8,85,5,4,I am paying attention,5, , , , ,2,2,1,2,2,1,1, , , , 
1,70,6, ,33,3,4,I am paying attention,4,3,3,7,7,2,2,2,2,2,1, , , ,1, 
1,95,6, ,95,6,4,I am paying attention,2,6,5, , ,2,1,2,3,2,1, , ,1, , 
1,90,5, ,96,5,4,I am paying attention.,2,6,7, , ,1,2,1,2,2,1, , ,1, , 
1,90,5, ,97,6,4,I am paying attention.,1, , ,6,6,2,1,2,3,2,1, ,1, , , 
1,90,6, ,97,7,4,I am paying attention.,4,7,6,7,4,2,2,1,3,2,1, , , ,1, 
1,99,6,8,99,6,4,I am paying attention.,5, , , , ,3,2,3,2,2,1,1, , , , 
1,89,4, ,97,6,4,I am paying attention,4,4,4,5,4,2,1,2,2,2,1, , , , ,1
1,81,2, ,74,2,4,I am paying attention.,1, , ,5,2,2,2,2,2,2,1, ,1, , , 
1,31,1,8,31,1,4,I am paying attention,5, , , , ,2,1,1,2,2,1,1, , , , 
1,90,6, ,97,6,4,I am paying attention,4,3,1,6,3,2,1,3,2,2,1, , , ,1, 
1,90,6, ,96,6,4,I am paying attention.,4,6,6,6,6,3,2,1,1,2,1, , , , ,1
1,50,4, ,50,4,4,I am paying attention.,2,4,4, , ,2,1,3,2,2,1, , ,1, , 
1,71,1, ,97,4,4,I am paying attention.,1, , ,4,5,2,1,2,2,2,1, ,1, , , 
1,95,6, ,90,6,4,I am paying attention,2,2,2, , ,1,1,1,2,2,1, , ,1, , 
1,98,7, ,97,7,4,I am paying attention,4,2,1,7,3,2,1,3,1,2,1, , , , ,1
1,61,5, ,73,5,4,I am paying attention.,4,6,5,4,5,2,1,2,3,2,1, , , ,1, 
1,40,2,8,40,2,4,I am paying attention.,5, , , , ,2,1,1,2,2,1,1, , , , 
1,97,6, ,97,6,4,I am paying attention.,2,1,1, , ,3,1,1,1,2,1, , ,1, , 
1,80,5, ,97,7,4,I am paying attention.,4,4,5,6,6,1,2,1,2,2,1, , , ,1, 
1,98,7, ,97,7,4,I am paying attention.,4,1,2,7,7,2,1,1,1,2,1, , , , ,1
1,92,6,8,98,6,4,I am paying attention,5, , , , ,2,1,3,2,2,1,1, , , , 
1,69,6, ,90,7,4,I am paying attention.,1, , ,6,6,2,1,1,2,2,1, ,1, , , 
1,77,4, ,97,7,4,I am paying attention.,2,4,7, , ,3,2,1,3,2,1, , , , ,1
1,72,3, ,27,2,4,I am paying attention.,2,2,2, , ,2,2,2,1,2,1, , ,1, , 
1,100,6, ,97,7,4,I am paying attention.,1, , ,7,7,2,2,2,1,2,1, ,1, , , 
1,95,6,8,94,6,4,I am paying attention.,5, , , , ,2,1,3,1,2,1,1, , , , 
1,97,7, ,97,7,4,I am paying attention.,4,1,1,7,7,2,1,3,3,2,1, , , ,1, 
1,100,7, ,100,7,4,I am paying attention,1, , ,7,4,2,2,3,2,2,1, ,1, , , 
1,85,5, ,85,6,4,I am paying attention.,2,6,6, , ,2,1,1,3,2,1, , ,1, , 
1,81,5,8,76,4,4,I am paying attention,5, , , , ,3,2,1,2,2,1,1, , , , 
1,69,6, ,97,6,4,I am paying attention.,4,4,6,5,4,1,2,1,2,2,1, , , ,1, 
1,97,6, ,97,6,4,I am paying attention.,4,3,1,6,4,1,2,1,1,2,1, , , , ,1
1,90,5, ,97,6,4,I am paying attention.,4,2,3,6,6,2,1,3,1,2,1, , , ,1, 
1,96,5, ,100,6,4,I am paying attention,5, , , , ,2,2,1,1,2,1, ,1, , , 
1,90,5, ,97,7,4,I am paying attention.,4,4,2,7,4,2,1,1,2,2,1, , , , ,1
1,75,4, ,75,4,4,I am paying attention,2,3,2, , ,4,1,3,1,2,1, , ,1, , 
1,99,6,8,98,6,4,I am paying attention,5, , , , ,2,1,1,3,2,1,1, , , , 
1,71,4, ,97,6,4,I am paying attention,4,4,6,4,6,2,2,3,2,2,1, , , , ,1
1,97,7, ,71,5,4,I am paying attention,1, , ,7,7,2,2,2,2,2,1, ,1, , , 
1,66,5,9,66,5,4,I am paying attention,5, , , , ,3,1,2,1,2,1,1, , , , 
1,59,6, ,60,6,4,I am paying attention.,4,3,2,1,2,2,1,1,2,2,1, , , ,1, 
1,92,3, ,92,1,4,I am paying attention,2,3,4, , ,2,1,2,2,2,1, , ,1, , 
1,90,5, ,97,6,4,I am paying attention.,1, , ,6,4,2,1,3,2,2,1, ,1, , , 
1,40,2, ,97,6,4,I am paying attention,1, , ,2,6,2,2,3,1,2,1, , , , ,1
1,96,5,8,97,5,4,I am paying attention.,5, , , , ,2,2,1,3,2,1,1, , , , 
1,90,6, ,97,7,4,I am paying attention,4,5,5,7,6,2,1,2,4,2,1, , , ,1, 
1,90,3, ,90,3,4,I am paying attention,2,1,5, , ,2,1,1,2,2,1, , ,1, , 
1,74,3, ,97,7,4,I am paying attention,4,6,6,6,6,2,2,3,2,2,1, , , ,1, 
1,75,3, ,97,6,4,I am paying attention.,1, , ,5,4,2,1,3,2,2,1, ,1, , , 
1,90,6, ,1,6,4,I am paying attention,1, , ,6,6,3,1,1,2,2,1, , , , ,1
1,72,5, ,82,6,4,I am paying attention,2,6,7, , ,3,2,3,2,2,1, , ,1, , 
1,81,5,8,80,4,4,I am paying attention,5, , , , ,3,1,2,2,2,1,1, , , , 
1,98,6, ,97,7,4,I am paying attention.,4,5,5,7,7,2,1,1,2,2,1, , , ,1, 
1,80,5, ,97,5,4,I am paying attention,1, , ,2,5,3,2,2,3,2,1, ,1, , , 
1,99,7, ,97,7,4,I am paying attention.,4,1,1,7,1,2,1,3,3,2,1, , , , ,1
1,97,6, ,97,6,4,I am paying attention.,2,1,1, , ,3,1,2,2,2,1, , ,1, , 
1,96,4,8,89,6,4,I am paying attention.,5, , , , ,2,1,1,1,2,1,1, , , , 
1,82,5,8,61,5,4,I am paying attention.,1, , ,5,5,3,2,2,3,2,1,1, , , , 
1,98,5, ,97,6,4,I am paying attention.,1, , ,7,7,2,2,1,2,2,1, ,1, , , 
1,95,6, ,98,6,4,I am paying attention.,4,7,7,7,7,3,1,1,2,2,1, , , ,1, 
1,95,5, ,90,4,4,I am paying attention.,2,4,2, , ,2,1,1,2,2,1, , ,1, , 
1,60,3, ,97,3,4,I am paying attention,4,3,3,5,3,2,1,3,2,2,1, , , ,1, 
1,67,4, ,86,3,4,I am paying attention.,4,2,3,3,5,2,2,1,1,2,1, , , , ,1
1,99,6,8,99,6,4,I am paying attention.,5, , , , ,2,2,1,2,2,1,1, , , , 
1,82,5, ,97,7,4,I am paying attention,1, , ,6,5,2,2,1,1,2,1, ,1, , , 
1,94,6, ,94,6,4,I am paying attention.,2,7,7, , ,2,1,3,1,2,1, , ,1, , 
1,68,3, ,94,5,4,I am paying attention.,4,6,5,4,5,2,1,3,2,2,1, , , ,1, 
1,82,5, ,84,5,4,I am paying attention.,2,2,3, , ,1,2,1,2,2,1, , ,1, , 
1,85,1,8,85,1,4,I am paying attention.,5, , , , ,2,2,3,1,2,1,1, , , , 
1,64,3, ,97,4,4,I am paying attention.,2,4,4, , ,2,2,1,2,2,1, , , , ,1
1,83,6, ,96,6,4,"I am paying attention.""",1, , ,6,5,4,1,3,1,2,1, ,1, , , 
1,17,1, ,30,1,4,I am paying attention,2,4,4, , ,2,2,1,1,2,1, , ,1, , 
1,81,3, ,97,6,4,I am paying attention.,4,2,2,6,6,2,2,1,2,2,1, , , ,1, 
1,96,6, ,97,7,4,I am paying attention.,4,6,5,7,7,3,1,3,2,2,1, , , , ,1
1,80,5, ,97,5,4,I am paying attention.,1, , ,6,4,2,2,3,3,2,1, ,1, , , 
1,89,6,8,88,6,4,I am paying attention.,5, , , , ,2,1,1,2,2,1,1, , , , 
1,85,6, ,97,7,4,I am paying attention,4,1,1,7,7,2,2,2,1,2,1, , , , ,1
1,90,5, ,97,6,4,I am paying attention,1, , ,7,7,3,2,1,3,2,1, ,1, , , 
1,30,2, ,30,2,4,I am paying attention,2,6,6, , ,2,1,3,2,2,1, , ,1, , 
1,99,6, ,99,6,4,I am paying attention.,2,1,2, , ,2,1,1,2,2,1, , ,1, , 
1,99,6, ,97,4,4,I am paying attention,4,4,3,4,5,3,2,1,3,2,1, , , ,1, 
1,75,5, ,87,5,4,I am paying attention.,4,5,5,5,6,3,2,2,2,2,1, , , ,1, 
1,57,5, ,78,5,4,I am paying attention,1, , ,5,5,2,2,1,2,2,1, ,1, , , 
1,71,5,8,61,3,4,I am paying attention,5, , , , ,2,2,1,2,2,1,1, , , , 
1,86,4, ,97,7,4,I am paying attention.,4,4,4,6,4,3,2,1,1,2,1, , , , ,1
1,90,5, ,97,6,4,I am paying attention,4,1,2,6,6,2,1,1,2,2,1, , , , ,1
1,80,5,8,75,5,4,I am paying attention.,5, , , , ,2,2,1,2,2,1,1, , , , 
1,89,5, ,57,4,4,I am paying attention,5, , , , ,2,1,1,2,2,1, , ,1, , 
1,89,3, ,97,6,4,I am paying attention.,2,1,2, , ,2,1,1,2,2,1, , , , ,1
1,92,5, ,97,7,4,I am paying attention.,1, , ,5,5,2,2,3,2,2,1, ,1, , , 
1,60,2, ,97,6,4,I am paying attention,4,5,5,5,5,2,2,1,1,2,1, , , ,1, 
1,94,5, ,93,5,4,I am paying attention,1, , ,7,4,3,2,2,1,2,1, ,1, , , 
1,66,2, ,62,2,4,I am paying attention,2,5,4, , ,2,2,1,2,2,1, , ,1, , 
1,76,6,8,80,6,4,"I am paying attention.""",5, , , , ,3,1,3,2,2,1,1, , , , 
1,56,2,8,55,2,4,I am paying attention,5, , , , ,3,1,1,2,2,1,1, , , , 
1,100,6, ,100,6,4,I am paying attention.,4,7,6,6,2,3,1,2,4,2,1, , , ,1, 
1,95,5, ,97,6,4,I am paying attention,1, , ,6,6,2,1,2,2,2,1, , , , ,1
1,90,2, ,95,2,4,I am paying attention.,4,3,4,5,4,2,2,1,2,2,1, , , ,1, 
1,87,5, ,97,6,4,I am paying attention.,1, , ,6,5,2,2,1,2,2,1, ,1, , , 
1,85,5, ,97,7,4,I am paying attention.,4,3,3,6,7,2,1,2,1,2,1, , , , ,1
1,97,6, ,97,5,4,I am paying attention,2,6,6, , ,2,1,1,2,2,1, , ,1, , 
1,91,5, ,85,4,4,I am paying attention,2,1,1, , ,3,2,1,2,2,1, , ,1, , 
1,98,5, ,97,6,4,I am paying attention.,4,6,7,6,7,2,1,2,2,2,1, , , ,1, 
1,95,7, ,97,7,4,I am paying attention.,1, , ,7,7,3,1,1,1,2,1, ,1, , , 
1,74,4,8,66,4,4,I am paying attention.,5, , , , ,2,1,3,3,2,1,1, , , , 
1,70,4, ,97,7,4,I am paying attention.,1, , ,5,6,2,2,1,4,2,1, ,1, , , 
1,73,5,8,71,5,4,I am paying attention.,5, , , , ,2,3,3,2,2,1,1, , , , 
1,90,5, ,97,6,4,I am paying attention.,2,1,1, , ,2,2,3,4,2,1, , , , ,1
1,90,4, ,80,5,4,I am paying attention.,2,2,2, , ,1,2,1,2,2,1, , ,1, , 
1,99,7, ,97,7,4,I am paying attention,4,1,1,5,7,4,2,1,2,2,1, , , ,1, 
1,90,5, ,96,4,4,I am paying attention.,4,5,5,4,6,2,1,1,2,2,1, , , , ,1
1,99,7, ,99,7,4,I am paying attention.,2,1,1, , ,2,1,3,2,2,1, , ,1, , 
1,92,6, ,83,5,4,I am paying attention,4,4,4,6,6,2,1,1,3,2,1, , , ,1, 
1,99,6, ,97,7,4,I am paying attention,1, , ,7,7,2,1,1,2,2,1, ,1, , , 
1,70,4,8,70,4,4,I am paying attention,5, , , , ,2,1,3,2,2,1,1, , , , 
1,97,7, ,97,7,4,I am paying attention.,4,1,1,7,7,3,1,3,1,2,1, , , , ,1
1,80,5,8,80,5,4,I am paying attention.,5, , , , ,2,1,2,2,2,1,1, , , , 
1,96,5, ,97,7,4,I am paying attention,4,6,6,5,5,3,1,3,1,2,1, , , , ,1
1,88,5, ,97,7,4,I am paying attention.,1, , ,5,4,2,2,3,2,2,1, ,1, , , 
1,85,3, ,80,3,4,I am paying attention.,2,6,6, , ,2,2,1,2,2,1, , ,1, , 
1,93,5,8,75,5,4,I am paying attention,5, , , , ,1,1,3,2,2,1,1, , , , 
1,70,5, ,82,5,4,I am paying attention.,4,6,5,5,4,1,1,1,1,2,1, , , , ,1
1,95,7, ,97,7,4,I am paying attention.,4,2,1,7,5,2,2,1,2,2,1, , , ,1, 
1,70,2, ,97,7,4,I am paying attention.,4,4,7,6,7,2,2,3,2,2,1, , , ,1, 
1,96,5, ,97,5,4,I am paying attention.,1, , ,5,4,3,2,1,2,2,1, ,1, , , 
1,95,6, ,95,6,4,I am paying attention.,2,7,7, , ,2,1,3,2,2,1, , ,1, , 
1,65,4,8,79,5,4,I am paying attention,5, , , , ,2,2,2,2,2,1,1, , , , 
1,26,4, ,77,7,4,I am paying attention,4,4,2,3,5,1,2,1,2,2,1, , , , ,1
1,91,5, ,93,5,4,I am paying attention.,1, , ,5,4,2,1,3,2,2,1, ,1, , , 
1,75,2, ,97,6,4,I am paying attention.,4,5,5,5,5,2,2,2,1,2,1, , , ,1, 
1,97,6,8,95,6,4,I am paying attention,5, , , , ,2,1,3,4,2,1,1, , , , 
1,65,1, ,45,3,4,I am paying attention.,2,5,6, , ,2,2,1,1,2,1, , ,1, , 
1,98,7, ,97,5,4,I am paying attention.,4,7,7,7,7,3,1,1,3,2,1, , , ,1, 
1,100,7, ,97,7,4,I am paying attention.,2,4,4, , ,2,2,1,3,2,1, , , , ,1
1,94,7, ,97,7,4,I am paying attention.,1, , ,7,7,4,2,1,4,2,1, ,1, , , 
1,20,5, ,20,5,4,I am paying attention.,2,6,7, , ,4,1,3, ,2,1, , ,1, , 
1,92,6, ,97,6,4,I am paying attention.,4,1,2,7,7,2,2,1,2,2,1, , , , ,1
1,91,5,8,84,4,4,I am paying attention.,1, , ,6,4,2,1,1,2,2,1,1, , , , 
1,99,7, ,97,7,4,I am paying attention,1, , ,6,7,4,2,1,3,2,1, ,1, , , 
1,93,6, ,93,6,4,I am paying attention.,4,1,1,6,6,3,1,1,2,2,1, , , ,1, 
1,80,6, ,95,7,4,I am paying attention.,4,7,7,6,7,2,1,3,2,2,1, , , , ,1
1,50,5, ,97,6,4,I am paying attention,4,4,4,4,4,2,1,2,2,2,1, , , ,1, 
1,74,5, ,97,7,4,I am paying attention.,1, , ,7,7,2,2,2,2,2,1, ,1, , , 
1,96,5,8,95,5,4,I am paying attention.,5, , , , ,2,1,1,3,2,1,1, , , , 
1,95,6, ,99,6,4,I am paying attention,2,6,5, , ,1,1,2,1,2,1, , ,1, , 
1,75,4,8,74,4,4,I am paying attention,5, , , , ,2,1,1,2,2,1,1, , , , 
1,95,3, ,97,4,4,I am paying attention,4,5,5,6,5,2,1,1,4,2,1, , , ,1, 
1,99,5, ,97,7,4,I am paying attention.,1, , ,7,7,3,2,1,2,2,1, ,1, , , 
1,98,5, ,97,6,4,I am paying attention.,4,4,5,6,6,2,2,1,1,2,1, , , , ,1
1,86,6, ,81,6,4,I am paying attention,2,6,6, , ,2,2,2,2,2,1, , ,1, , 
1,39,2, ,34,2,4,I am paying attention,2,1,1, , ,2,2,2,2,2,1, , ,1, , 
1,94,6, ,95,5,4,I am paying attention.,1, , ,6,6,3,1,1,4,2,1, ,1, , , 
1,72,3, ,97,4,4,I am paying attention.,4,4,4,4,4,3,2,2,3,2,1, , , ,1, 
1,95,5, ,97,6,4,I am paying attention,4,2,6,6,6,2,2,3,4,2,1, , , , ,1
1,91,6,8,88,6,4,I am paying attention,5, , , , ,2,1,4,2,2,1,1, , , , 
1,98,5, ,97,6,4,I am paying attention.,2,1,1, , ,2,1,1,1,2,1, , ,1, , 
1,55,1, ,97,5,4,I am paying attention.,1, , ,5,5,2,2,2,2,2,1, ,1, , , 
1,60,1, ,97,7,4,I am paying attention,4,4,7,4,7,2,2,3,1,2,1, , , , ,1
1,99,7,8,99,7,4,I am paying attention,5, , , , ,2,2,1,1,2,1,1, , , , 
1,70,2, ,97,4,4,I am paying attention.,1, , ,3,4,2,2,2,4,2,1, ,1, , , 
1,92,6, ,65,6,4,I am paying attention,2,7,6, , ,2,2,1,1,2,1, , , ,1, 
1,95,7, ,97,4,4,I am paying attention.,4,4,4,7,7,2,2,1,1,2,1, , , , ,1
1,87,5,8,91,6,4,I am paying attention,1, , ,6,7,2,1,1,1,2,1,1, , , , 
1,90,6, ,90,6,4,I am paying attention.,2,7,6, , ,2,1,1,1,2,1, , ,1, , 
1,49,1, ,97,4,4,I am paying attention,4,3,5,1,1,2,2,1,1,2,1, , , ,1, 
1,99,7, ,99,7,4,I am paying attention,2,7,6, , ,2,2,3,2,2,1, , ,1, , 
1,90,5, ,97,6,4,I am paying attention.,4,2,1,7,6,2,1,1,2,2,1, , , , ,1
1,73,1,8,73,1,4,I am paying attention,5, , , , ,2,2,3,1,2,1,1, , , , 
1,97,6, ,97,7,4,I am paying attention.,4,6,4,7,4,2,1,3,2,2,1, , , ,1, 
1,99,7, ,97,7,4,I am paying attention.,1, , ,7,7,2,2,1,2,2,1, ,1, , , 
1,97,6, ,97,7,4,I am paying attention.,4,7,4,7,4,2,1,2,1,2,1, , , ,1, 
1,80,5,8,80,5,4,I am paying attention.,5, , , , ,2,1,3,2,2,1,1, , , , 
1,92,6, ,94,6,4,I am paying attention.,2,2,3, , ,2,2,1,2,2,1, , ,1, , 
1,91,3, ,97,6,4,I am paying attention.,1, , ,6,7,2,2,1,2,2,1, ,1, , , 
1,95,5, ,97,6,4,i am paying attention,1, , ,6,6,2,1,1,2,2,1, ,1, , , 
1,98,7, ,97,7,4,I am paying attention,4,1,1,7,7,2,1,1,1,2,1, , , ,1, 
1,97,6,8,97,6,4,I am paying attention.,5, , , , ,3,1,1,1,2,1,1, , , , 
1,75,5, ,97,7,4,I am paying attention,4,3,4,6,6,3,2,1,2,2,1, , , , ,1
1,75,3, ,71,3,4,I am paying attention,2,4,2, , ,2,2,1,2,2,1, , ,1, , 
1,75,5, ,97,7,4,I am paying attention,5, , , , ,3,2,3,2,2,1, , , , ,1
1,94,7,8,94,7,4,I am paying attention.,5, , , , ,2,1,3,2,2,1,1, , , , 
1,73,6, ,97,7,4,I am paying attention.,1, , ,7,4,3,1,2,2,2,1, ,1, , , 
1,93,6, ,97,5,4,I am paying attention.,4,5,4,5,4,3,1,3,1,2,1, , , ,1, 
1,90,3,8,90,3,4,I am paying attention.,5, , , , ,2,2,1,3,2,1,1, , , , 
1,92,5, ,97,6,4,I am paying attention.,1, , ,6,6,1,2,1,3,2,1, ,1, , , 
1,63,6, ,61,6,4,I am paying attention.,2,5,4, , ,2,2,3,2,2,1, , ,1, , 
1,90,6, ,97,3,4,I am paying attention.,4,3,2,6,6,2,2,2,2,2,1, , , ,1, 
1,98,6, ,97,7,4,I am paying attention,4,1,1,7,6,3,1,1,4,2,1, , , , ,1
1,89,6, ,89,6,4,I am paying attention.,2,1,2, , ,2,2,1,1,2,1, , ,1, , 
1,75,5, ,97,6,4,I am paying attention,4,2,2,6,5,2,1,1,1,2,1, , , , ,1
1,85,5,8,90,6,4,I am paying attention,5, , , , ,2,1,2,2,2,1,1, , , , 
1,90,5, ,97,7,4,I am paying attention,4,7,7,7,5,2,2,1,2,2,1, , , ,1, 
1,56,5, ,97,7,4,I am paying attention,1, , ,7,7,2,2,1,2,2,1, ,1, , , 
1,60,5, ,97,7,4,I am paying attention.,1, , ,5,5,2,2,1,2,2,1, ,1, , , 
1,94,5, ,95,5,4,I am paying attention,2,5,7, , ,2,2,3,2,2,1, , ,1, , 
1,70,5,8,72,5,4,I am paying attention.,5, , , , ,2,2,1,2,2,1,1, , , , 
1,98,6, ,97,5,4,I am paying attention,4,4,4,7,7,2,2,1,3,2,1, , , ,1, 
1,97,6, ,97,6,4,I am paying attention.,2,2,6, , ,2,2,2,2,2,1, , ,1, , 
1,100,7, ,90,6,4,I am paying attention,1, , ,7,7,2,1,1,1,2,1, ,1, , , 
1,95,5,8,90,4,4,I am paying attention,5, , , , ,2,1,3,2,2,1,1, , , , 
1,90,5, ,97,7,4,I am paying attention,4,2,2,7,6,1,1,1,2,2,1, , , , ,1
1,97,7, ,97,7,4,I am paying attention.,4,4,4,4,4,2,1,2,3,2,1, , , ,1, 
1,64,2, ,89,4,4,I am paying attention,1, , ,4,4,2,1,1,2,2,1, , , , ,1
1,91,6, ,97,6,4,I am paying attention,1, , ,6,6,2,1,1,2,2,1, ,1, , , 
1,99,6,8,99,6,4,I am paying attention.,5, , , , ,2,1,1,1,2,1,1, , , , 
1,92,5, ,91,5,4,I am paying attention.,2,2,3, , ,2,2,3,2,2,1, , ,1, , 
1,95,4, ,97,5,4,I am paying attention,1, , ,5,5,3,1,2,2,2,1, ,1, , , 
1,70,5, ,97,5,4,I am paying attention,4,3,4,6,4,2,1,1,1,2,1, , , ,1, 
1,90,5, ,97,7,4,I am paying attention,4,3,2,7,7,2,2,2,2,2,1, , , , ,1
1,70,5,8,70,5,4,I am paying attention,5, , , , ,2,1,1,2,2,1,1, , , , 
1,95,6, ,97,7,4,I am paying attention,4,7,1,7,7,2,1,1,2,2,1, , , , ,1
1,89,5, ,95,7,4,I am paying attention.,2,6,7, , ,4,2,1,2,2,1, , ,1, , 
1,80,4, ,97,6,4,I am paying attention,4,5,1,2,4,3,2, ,5,2,1, , , ,1, 
1,80,3, ,97,6,4,I am paying attention.,4,1,4,6,7,2,2,1,2,2,1, , , , ,1
1,70,5, ,85,6,4,I am paying attention,2,6,6, , ,3,1,1,3,2,1, , ,1, , 
1,90,6, ,97,6,4,I am paying attention,1, , ,6,6,2,1,1,1,2,1, ,1, , , 
1,75,1,8,75,1,4,I am paying attention.,5, , , , ,2,2,1,2,2,1,1, , , , 
1,76,1, ,97,3,4,I am paying attention.,1, , ,2,4,3,1,2,4,2,1, ,1, , , 
1,85,5, ,90,4,4,I am paying attention,4,4,3,5,5,4,2,2,3,2,1, , , ,1, 
1,88,7,8,77,6,4,I am paying attention,5, , , , ,2,1,1,3,2,1,1, , , , 
1,98,6, ,98,6,4,I am paying attention,2,1,1, , ,3,1,1,1,2,1, , ,1, , 
1,99,7, ,97,7,4,I am paying attention,4,1,1,7,7,3,2,3,5,2,1, , , , ,1
1,71,1, ,97,6,4,I am paying attention,4,6,6, ,6,2,1,1,2,2,1, , , ,1, 
1,97,7, ,97,7,4,I am paying attention,1, , ,7,6,2,1,3,2,2,1, ,1, , , 
1,64,5, ,30,5,4,I am paying attention.,4,3,2,3,3,4,1,2,2,2,1, , , , ,1
1,71,3, ,65,3,4,I am paying attention.,2,1,2, , ,2,1,3,2,2,1, , ,1, , 
1,0,7,8,0,7,4,I am paying attention.,5, , , , ,2,1,4,2,2,1,1, , , , 
1,57,4, ,90,5,4,I am paying attention,4,5,4,5,4,2,1,1,2,2,1, , , ,1, 
1,97,7, ,97,6,4,I am paying attention.,1, , ,7,7,2,2,1,1,2,1, ,1, , , 
1,100,4, ,100,4,4,I am paying attention.,2,1,1, , ,2,2,1,1,2,1, , ,1, , 
1,39,1, ,1,2,4,I am paying attention,2,4,4, , ,2,2,3,2,2,1, , , , ,1
1,95,6, ,97,7,4,I am paying attention.,4,5,5,7,7,2,1,1,4,2,1, , , ,1, 
1,25,6,8,20,6,4,I am paying attention,5, , , , ,2,2,1,2, ,1,1, , , , 
1,51,2,8,50,2,4,I am paying attention.,5, , , , ,3,2,1,1,2,1,1, , , , 
1,63,7, ,75,4,4,I am paying attention,1, , ,7,6,2,1,3,2,2,1, ,1, , , 
1,89,5, ,89,5,4,I am paying attention.,2,2,1, , ,2,1,3,2,2,1, , ,1, , 
1,51,6, , ,2,2, ,2,2, , , , , , , , , , , , ,1, 
1,54,5, , , , , , , , , , , , , , , , , , , , ,1
1,97,6, ,87,2,4,I am paying attention.,4, , , , , , , , , , , , , ,1, 
1,85,3, ,76,4,4,I am paying attention.,2,2,2, , ,2,1,1,2,2,1, , ,1, , 
1,68,1,8, , , , , , , , , , , , , , , ,1, , , , 
1,84,5, ,97,6,4,I am paying attention,1, , ,6,4, , , , , , , ,1, , , 
1,90,2, , , , , , , , , , , , , , , , , , , , ,1
1,90,6,8,91,6,4,I am paying attention, , , , , , , , , , , ,1, , , , 
1,95,6, , , , , , , , , , , , , , , , , , ,1, , 
1,84,5, , , , , , , , , , , , , , , , , , , ,1, 
1,97,7,8,97,7,4,I am paying attention, , , , , , , , , , , ,1, , , , 
1,83,5, , , , , , , , , , , , , , , , ,1, , , , 
1,74,3, ,91,3,4,I am paying attention.,3, , , , , , , , , , , ,1, , , 
1,30,2, , , , , , , , , , , , , , , , , , , ,1, 
1, , , , , , , , , , , , , , , , , , , , , , , 
1,98,6, , , , , , , , , , , , , , , , , , ,1, , 
1,65,4, , , , , , , , , , , , , , , , , , , ,1, 
1,96,5, ,91,6,4,I am paying attention,4, , , , , , , , , , , , , ,1, 
1, , , , , , , , , , , , , , , , , , , , , , , 
1,99,7, ,97,7, , , , , , , , , , , , , , , , , ,1
1, , , , , , , , , , , , , , , , , , , , , , , 
1, , , , , , , , , , , , , , , , , , , , , , , 
1,99,5,8,99,5, , , , , , , , , , , , , ,1, , , , 
1,55,3, , , , , , , , , , , , , , , , , , ,1, , 
1, , , , , , , , , , , , , , , , , , , , , , , 
1,86,4, ,97,6,4,I am paying attention.,4, , ,7,4, , , , , , , , , , ,1
1,98,6, , , , , , , , , , , , , , , , , , ,1, , 
